YULIA,896175018,/hiYULIA,896175018,/helpYULIA,896175018,/timeYULIA,896175018,/helpYULIA,896175018,/hiYULIA
,896175018
,/hi
YULIA
,896175018
,/help
YULIA
,896175018
,/time
YULIA
,896175018
,/help
YULIA
,896175018
,/hi
YULIA,896175018
,/help
YULIA,896175018
,/sum  5 6
YULIA,896175018
,/time
YULIA,896175018
,/help
YULIA,896175018
,/help
YULIA,896175018
,/help
YULIA,896175018
,/help
YULIA,896175018
,/download
YULIA,896175018
,/download
YULIA,896175018
,/download
YULIA,896175018
,/download
YULIA,896175018
,/download
YULIA,896175018
,/download
YULIA,896175018
,/download
YULIA,896175018
,/download
YULIA,896175018
,/download
YULIA,896175018
,/download
YULIA,896175018
,/download
YULIA,896175018
,/download
YULIA,896175018
,/download
YULIA,896175018
,/download
YULIA,896175018
,/hi
YULIA,896175018
,/help
YULIA,896175018
,/sum
YULIA,896175018
,/download
YULIA,896175018
,/download
YULIA,896175018
,/download
YULIA,896175018
,/download
YULIA,896175018
,/download
YULIA,896175018
,/download
YULIA,896175018
,/download
YULIA,896175018
,/download
